character,text,final_label
Charles,I think it was flan.,Food
Charles,"Hey, Gina. You know any scalpers? I wanna ask Rosa to go to the Rihanna concert with me, but it's sold out.",Romance
Charles,Yeah. What's your second point?,Conversation Glue
Charles,"Yeah, that was my ex-wife's type too.",Personal Life
Charles,Cool. Where would I find a place that shows old movies?,Personal Life
Charles,Great.,Conversation Glue
Charles,Thank you.,Conversation Glue
Charles,"Oh, man! My muffin. Ahh! Oh, my head! My muffin, my head! And I stepped on the... On my muffin! And my head and my muffin.",Food
Charles,"Hey, that's mine. You took it from my desk.",Personal Life
Charles,Thanks!,Conversation Glue
Charles,"Yeah, he's a little too serious. What do you think, Rosa?",Personal Life
Charles,"Yeah, he seems cool. I agree.",Conversation Glue
Charles,"Jamon lberico is an amazing cured ham from Spain. They had it at my uncle's funeral. I gorged myself at that funeral. I mean, I was constipated for three days.",Food
Charles,"Hey, Rosa! Rosa. Rosa! Um, I just happened to notice that there's an old movie festival playing at the film forum this week. Wanna go?",Romance
Charles,Cool! Awesome. There's a bunch of movie options. I'll probably just go with something classic like Citizen Kane.,Personal Life
Charles,Good call. Smart. I'll do it. I'll pick a better movie than Citizen Kane.,Personal Life
Charles,"No surprises from the coroner. A few gunshots, shoulder and chest.",Police Work
Charles,Mm-hmm.,Conversation Glue
Charles,Yep.,Conversation Glue
Charles,Jamon lberico.,Food
Charles,Beneficio's might.,Food
Charles,You gotta brief the C.O. first.,Police Work
Charles,Great idea.,Conversation Glue
Charles,"Oh! I'm Henry Morgenthau, owner of delicious and expensive hams. Don't I know you from the grocery store?",Food
Charles,On it!,Conversation Glue
Charles,"Whoa, whoa, whoa, whoa, Ratko!",Police Work
Charles,That's a waste of manchego!,Food
Charles,"Oh, well, just to be safe, I bought tickets to all of them.",Personal Life
Charles,"I don't know, I didn't wanna mess up. Because you're sort of... Opinionated.",Emotion
Charles,So we can go see North by Northwest.,Personal Life
Charles,Good call. Smart. Keep it profesh.,Police Work
Charles,Why don't you just go to the movies with me?,Romance
Charles,"Okay. Well, this is awkward.",Emotion
Charles,Stay down.,Police Work
Charles,Dream team.,Emotion
Charles,"Oh, look at this. The drug dealer got a B.A. in art history from Brooklyn college. Interesting, huh?",Police Work
Charles,"Well, it's surprising because you would think he had studied... drugs.",Police Work
Charles,"I just want to apologize for my fellow detectives’ behavior. Okay, my granny also had the gift.",Personal Life
Charles,She was right. She died two years later.,Personal Life
Charles,Rosa. Yes?,Conversation Glue
Charles,Thank you.,Conversation Glue
Charles,"Oh, no. The cabinets are blue.",Police Work
Charles,The psychic predicted the drugs would be found in something blue.,Police Work
Charles,She also made this really depressing prediction about my life.,Emotion
Charles,"And if she's right about where we find the drugs, that means she's right about the other thing.",Police Work
Charles,What color was the hamper?,Police Work
Charles,Yes. The clothes hamper was green. The clothes hamper was green! Drinks on me.,Police Work
Charles,"I hate to be the bearer of bad news, but your psychic friend's predictions about the drug case were wrong, which means all of her predictions are wrong.",Police Work
Charles,We found the cocaine behind a green hamper. Never said “green” or the letter H.,Police Work
Charles,Lady bin?,Conversation Glue
Charles,Nothing. What about you... are doing tonight?,Personal Life
Charles,"Man, you were totally right about the cocaine, and you were also right about Rosa.",Police Work
Charles,The woman I-,Romance
Charles,"Yes, that woman.",Romance
Charles,"Oh, my god.",Emotion
Charles,"I don’t know, man. I’m lost. The universe is a cruel and vexing puzzle. I-I’m at the whim of the cosmos.",Emotion
Charles,Choo. Yes.,Conversation Glue
Charles,"Um, Carlene predicted if I get out of this chair, I’d get badly hurt, so I’m not chancing it. Oh, man. There’s no more pudding cups left. Ah! What’d you do that for?",Emotion
Charles,"Carlene was wrong, Gina. Rosa said it herself-- I’m in charge of my own destiny. That means she wants me to make a move.",Romance
Charles,"No, no, she punched me to prove Carlene wrong.",Personal Life
Charles,"I know, it’s crazy.",Conversation Glue
Charles,"I like Turner & Hooch. Tom Hanks, reluctant friendship with a dog. That hits me where I live.",Personal Life
Charles,"Well, we shall see what we shall see.",Conversation Glue
Charles,Damn it! This is Jeffrey Dahmer's corduroys all over again.,Emotion
Charles,"Hey, Sarge, I need someone to fill out a lineup. Will you be Scary Terry?",Police Work
Charles,No one asked you to take your shirt off. Stop volunteering to take your shirt off.,Personal Life
Charles,I'm- I'm not really her husband.,Personal Life
Charles,"Okay, this is Ethel Musterberg from the Prospect Heights Senior Center. There was an I.D. card in her back pocket.",Police Work
Charles,Frisked! I frisked her butt!,Police Work
Charles,"Well, I haven't really been in a slump since my divorce. So I'd tell this person, ""Maybe get divorced."" He'd have to get married first.",Personal Life
Charles,We're helping Jake's friend get out of his slump.,Personal Life
Charles,I had the same exact one when I was a kid!,Personal Life
Charles,"You want some help, big man?",Personal Life
Charles,On the side of the turret-,Personal Life
Charles,"Hey, slump, you're about to get nailed by the Jake Hammer.",Personal Life
Charles,"No, you are not, Jake Rabbit.",Conversation Glue
Charles,Apartment's clear.,Police Work
Charles,"Oh, bird pooped on your shoulder. No, wait... Pooped on your head, then dripped onto your shoulder.",Personal Life
Charles,"I'm telling you, it's good luck.",Personal Life
Charles,You could eat off his shirt.,Food
Charles,Man... Girls are so scary.,Romance
Charles,"Could be a year. Could be a decade. Sorry, we're just saying bigger and bigger numbers.",Conversation Glue
Charles,You okay?,Conversation Glue
Charles,Hey. What's going on?,Conversation Glue
Charles,So what you're saying is that this is kind of a...,Conversation Glue
Charles,You know I will.,Conversation Glue
Charles,"I'm just saying, put a couple leather chairs in here.",Personal Life
Charles,They're here.,Police Work
Charles,No.,Conversation Glue
Charles,Blammo! Jake Hammer strikes again.,Personal Life
Charles,"Hey, Sarge. I assembled the castle for you. Here it is.",Personal Life
Charles,"Well, they were destroyed, so I turned it into a princess police station. You know, some jobs take brains, some jobs take muscles, some jobs take dainty little fingers. Did I ever tell you I had to wear a woman's wedding ring?",Personal Life
Charles,"You're a good dad. Don't put so much pressure on yourself. Oh, check this out. Working siren.",Personal Life
Charles,You talking oldest bags? 68.,Police Work
Charles,"Yeah, but I was only 20.",Personal Life
Charles,"No, man, it was before I got into the academy.",Personal Life
Charles,"No... yes, I am. Yeah, oldest arrest... 68, like I said.",Police Work
Charles,"You know how it is. When you have a chance to bed an older woman, you...",Romance
Charles,"She was, actually. That's how I met her. Went to college with her grandson Marvin. Don't... don't knock it till you try it. She had a replacement hip with some serious torque. It was like having sex with a transformer.",Romance
Charles,"Really? In High School, I played center field in the musical damn Yankees.",Personal Life
Charles,Nice.,Conversation Glue
Charles,Yeah!,Conversation Glue
Charles,I would never steal his thunder. I-I'd be afraid to borrow it.,Emotion
Charles,"Oh, boy.",Conversation Glue
Charles,Come on!,Conversation Glue
Charles,Is that Rosa? Tell her I said hi.,Romance
Charles,What's up?,Conversation Glue
Charles,"Yeah, I feel sexy.",Emotion
Charles,You know I do.,Conversation Glue
Charles,We call him The Vulture because he swoops in and solves cases that are almost solved and takes the credit for himself.,Police Work
Charles,"Sir, call him The Vulture. Giving him a name makes him human.",Police Work
Charles,"Yeah, she did... Murder on lce, Recipe for Murder. Nancy was a wonderful Detective. I wanted to be her when I grew up.",Police Work
Charles,Yes.,Conversation Glue
Charles,I used a gift card for that!,Personal Life
Charles,I cannot figure you out.,Emotion
Charles,"What if you called him from a hospital and said his whole family is dead? Like, they died of cancer.",Insult / Snark
Charles,What if we wrap his motorcycle in plastic wrap and melt it with a hair dryer? Little trick I learned in gift basket making class.,Personal Life
Charles,You're welcome.,Conversation Glue
Charles,Yeah! Winning by default!,Emotion
Charles,Come on!,Conversation Glue
Charles,I love the bus!,Personal Life
Charles,I'm always the victim. I don't want to be the victim.,Emotion
Charles,No. I'll be the victim. Don't make me a door again.,Emotion
Charles,Right.,Conversation Glue
Charles,Wow!,Emotion
Charles,"No! I have broad shoulders. I have narrow hips, but broad shoulders. God!",Personal Life
Charles,A little lower.,Personal Life
Charles,Broad shoulders! Stuck! Told you... Broad shoulders.,Personal Life
Charles,Voila!,Conversation Glue
Charles,"Jake, I have to say, the way you handled things with The Vulture yesterday was very mature.",Police Work
Charles,Can't wait to see it.,Conversation Glue
Charles,Yeah!,Conversation Glue
Charles,I'm Mario Batali.,Personal Life
Charles,"Santiago, I know that you hate Halloween, but stick with me, and I promise you, you will love it.",Personal Life
Charles,"Yeah, you would. You'd be an evil mastermind, and everyone would call you the handsome bandit.",Romance
Charles,"Okay, party's around the corner. Tipster said there'll be a huge amount of drug activity.",Police Work
Charles,"The department never washes them, so it's probably vomit. Hey! I got you a chocolate. Yet another great thing about Halloween... chocolate!",Food
Charles,"So great. We're having the best time. Right, Amy?",Personal Life
Charles,"You're the best, Jake.",Personal Life
Charles,"Jake, you're the best.",Personal Life
Charles,"Come on, Amy! Loosen up! You look like such a cop! Come on, have some fun, you know? It'll help you blend in! Whoo!",Personal Life
Charles,I'm backing it up.,Conversation Glue
Charles,"Ooh, when you were logging in the drugs, you missed some awesome stuff. Guy walked by in full astronaut costume, gave me a high five.",Police Work
Charles,Wait... Hitchcock?,Conversation Glue
Charles,What is happening?,Conversation Glue
Charles,Really?,Conversation Glue
Charles,You paid money to get out of working with me?,Emotion
Charles,"No, all the things that you think are bad about Halloween are what make it great. The big kids egg you. Then you and your friends run away together. Friendships are forged in the crucible of Halloween adversity. That's all I wanted for us. You can keep the wig. I don't need it anymore.",Personal Life
Charles,"Well, Captain, it seems that Jake isn't the only person you underestima...",Police Work
Charles,"In fact, the thing that you failed to see, Captain, teamwork, is exactly...",Police Work
Charles,What provided our success.,Personal Life
Charles,What is all this?,Conversation Glue
Charles,I'm sorry I couldn't convince you to love Halloween.,Emotion
Charles,"'Stume! Oh, my God. It caught on.",Emotion
Charles,"Way to go, Jakey.",Emotion
Charles,"Oh, uh, you know, I-I haven't been to either place yet.",Personal Life
Charles,(scoffs) Wouldn't you like to know?,Insult / Snark
Charles,"What? (laughs nervously) That is not true, okay? I-I-I don't even like food.",Emotion
Charles,Who's Rosa? Y-you're the scared one.,Insult / Snark
Charles,How long were we asleep?,Personal Life
Charles,Kitchen buds.,Food
Charles,"I think the perfect first date doesn't feel like a first date at all, because you've known each other for a few years, maybe even work together. And one night you're laughing, and then all of a sudden, it's just like blammo! Kissing.",Romance
Charles,So pretty much the same as what I said.,Conversation Glue
Charles,Maybe he doesn't have any. Interesting fact about me... I once burnt my fingerprints off on a wok.,Personal Life
Charles,What are you doing? Holt said you didn't have to come in here. You don't come in on days you're supposed to work.,Police Work
Charles,So fun.,Emotion
Charles,It's all right. 6 out of 12.,Food
Charles,"For the 12 components of food satisfaction: Salty, sweet, sour, bitter, umami, odor, sound...",Food
Charles,"Oh, wow. That's the best pie I ever had.",Food
Charles,We were running calls to pawn shops and then waiting for them to call back.,Police Work
Charles,I'm just glad I keep a toothbrush here.,Personal Life
Charles,"Uh, why do you wanna borrow the toothbrush?",Personal Life
Charles,"Jake, it's been in my mouth.",Personal Life
Charles,You're everyone's secretary. That's literally your job.,Police Work
Charles,(sighs) I'm sorry about the whole pie blowup thing. You're right. The Flatbush Diner pie is awful.,Food
Charles,It's just... I want Rosa to like me.,Romance
Charles,"Hey, Rosa, the Flatbush Diner's pie is terrible. It's inedible. Food is supposed to be edible.",Food
Charles,"Crust isn't any better. It's fancier, but it's all bells and whistles. Desserts don't need to be clever. They just need to be good. This is the best pie in New York City... Apple from Argos Bakery, founded 1910. Recipe unchanged. Taste it.",Food
Charles,"You just graduated pie school, bitches. Sorry I said ""bitches,"" I'm just really worked up.",Food
Charles,I have an idea...,Conversation Glue
Charles,Nice. (Holding coffee),Conversation Glue
Charles,That's the spirit!,Emotion
Charles,"Okay. Sit up straight, all right? Be aware of your hands, okay? And don't be afraid to smile. And if you need to buy time, you can always just say, ""to be perfectly candid...""",Police Work
Charles,But don't stare at people.,Police Work
Charles,But don't blink too much.,Police Work
Charles,I think the bigger worry is slow blinks.,Police Work
Charles,"You know, some people might say that all the black leather kind of makes you looks like an evil villain. Not me. I think you look like a sexy motorcycle.",Romance
Charles,Yeah.,Conversation Glue
Charles,So it's... perfect?,Emotion
Charles,That's actually my wedding suit.,Personal Life
Charles,No.,Conversation Glue
Charles,Perfect! You look beautiful... ly... Appropriate for court.,Romance
Charles,This is not good. The lawyer is that slimeball grundhaven... Rosa hates him!,Emotion
Charles,Yes. You have to pull it together.,Emotion
Charles,"That's what sarge says to me when I'm nervous. Rosa, I think you're nervous.",Emotion
Charles,"But if the problem is that you're nervous, that's where Charles Boyle lives, baby. I can help! You just need to go to your happy place.",Emotion
Charles,She went to her happy place.,Emotion
Charles,Here she is.,Conversation Glue
Charles,Yes!,Conversation Glue
Charles,Your what friend now?,Conversation Glue
Charles,"Yes, I did, and I am thrilled with the results. Although the jar is really hot.",Emotion
Charles,"Why do we want to start a turf war with the fire department? I feel very uncomfortable saying this to you, but it doesn't seem like it's worth it... Unless you think it is.",Police Work
Charles,"I'm sorry, Jake, Sal's is only the eighth-best. I put out a weekly Brooklyn pizza-ranking email blast. Sal's has the fourth-best texture, ninth-best crust, twelfth-best cheese, and honestly, they're only seventh in mouth-feel.",Food
Charles,"The inside of your cheeks are very sensitive. It's like the inside of your thighs, except with a tongue.",Personal Life
Charles,"Uh-oh, Jake, firemen.",Police Work
Charles,"Mario is number ten overall in Brooklyn, and rising fast. He might've wanted to move up the ladder.",Food
Charles,Yeah.,Conversation Glue
Charles,It'll be the perfect opportunity to update my rankings. Can we stop at home for a pizza bib?,Food
Charles,I'll just use my work bib.,Food
Charles,"In a word, yes. Amateurs go tasting, they fill up, and they lose their palate by the third slice. I take this very seriously.",Food
Charles,Gino... This pizza is much better than last time. You've always ranked dead last in structural integrity and sauce.,Food
Charles,Can't. Firemen locked it down.,Police Work
Charles,"Ooh, undercover work. I love it. I need more back story. First off, can it be my daughter's cat?",Police Work
Charles,"Fine. Let's talk about the cat. Short-hair, long-hair? Tabby?",Personal Life
Charles,"Oh, that's brutal.",Emotion
Charles,"I like it. Hey, guys? Guys, I really need your help. My little boy, Brian, my angel, I bought him a short-haired calico after my wife fell into a coma... Motorcycle crash. And now the cat's stuck in a tree.",Personal Life
Charles,He's a cute kid. Kinda looks like you. Handsome guy. Handsome little guy.,Personal Life
Charles,"Brian was adopted, so he has abandonment issues. Just struck out at tee-ball last week. Everyone called him ""cryin' Brian.""",Personal Life
Charles,"They're getting nervous, Jake! They're getting nervous!",Police Work
Charles,"Get off him, Boone! You big marshmallow!",Insult / Snark
Charles,Well...,Conversation Glue
Charles,Captain reads my blast.,Personal Life
Charles,I'm coming in.,Police Work
Charles,Uh-huh. My turn?,Conversation Glue
Charles,"The crust was charred, the cheese was stringy and flavorless, but the sauce. Oh, Marone, the sauce. Continue.",Food
Charles,Fire! Fire! Fire!,Police Work
Charles,Happy Turkey Day.,Food
Charles,What? What's going on?,Conversation Glue
Charles,All the girls were too big.,Romance
Charles,"Well, now that I know you want me to say that, I'll just say it with two gobbles. Gobble, gobble... Gobble. God, it just sounds right that way. Ugh. I don't like this game.",Personal Life
Charles,"Come on, guys.",Conversation Glue
Charles,"Well, guess what. I can spoil your little game by sitting over here quietly all day and doing nothing. (Takes a seat and falls on floor) Oh! Aah!",Personal Life
Charles,That's a victory. That's a victory for Boyle. Boom!,Emotion
Charles,Pizza? Please. This is a butternut squash and truffle butter flatbread.,Food
Charles,"Wow, that's a lot of yogurt.",Food
Charles,"So this is your lunch for, like, the month?",Food
Charles,Hang on. I have a toast. (Stands up) I am thankful to have someone in my life who gives me a reason to get out of bed every morning. And I hope that my relationship with this person will only grow more intimate.,Romance
Charles,"Um, Hitchcock.",Conversation Glue
Charles,I'm a textbook people-pleaser. I have a serious problem. This was great though. You must be so proud.,Emotion
Charles,"I-I'm not done hanging out. Let's go to the bar, they serve food there. That's a great idea.",Personal Life
Charles,Does it really say that?,Conversation Glue
Charles,Damn it.,Emotion
Charles,"Tommy, can we order some food?",Food
Charles,Smart. Good call.,Conversation Glue
Charles,There is nothing here.,Conversation Glue
Charles,"Sarge, am I too heavy?",Personal Life
Charles,"No, this will not be our Thanksgiving. All right, you all wait here. Give me an hour. Terry, to the door.",Personal Life
Charles,"Yeah, totally. That makes sense. That makes sense.",Conversation Glue
Charles,"It's a real culinary challenge. Give me 15 minutes, and then we feast.",Food
Charles,"You eat with your eyes, so the plating alone...",Food
Charles,"So this is kind of a play on your typical Thanksgiving dinner. For turkey, we have the Peking duck with a veggie samosa stuffing. The potatoes are the empanadas with an Ethiopian lentil stew gravy. And for dessert, some seasonal gelatin cups. Okay, I ran out of money. They're from when Hitchcock got his colonoscopy. Bon appétit. (Takes a seat)",Food
Charles,"So, you pretty much got the disaster night you were hoping for?",Emotion
Charles,That was perfect.,Emotion
Charles,I've gone 42 years without a lump of coal I’m not gonna start now.,Personal Life
Charles,"Hit him in his fat, cherry cheeks!",Insult / Snark
Charles,That’s right! Boom! I just kicked Santa in the testicles! ....Merry Christmas!,Emotion
Charles,"Hey, my flight is at eight tonight. It’s domestic. Do you think I’ll be safe if I get to the airport five hours early?",Personal Life
Charles,"Well, I am. But I’ve begun to feel like there is a small chance Rosa may not love me back.",Romance
Charles,"Hey, you wanna grab some dinner tonight?",Romance
Charles,Coolio. He heads off.,Conversation Glue
Charles,Whattaya say we grab a drink?,Personal Life
Charles,Gotcha! Raincheck.,Conversation Glue
Charles,A rose for Rosa.,Romance
Charles,So we’ve both decided that the healthy thing for me to do is move on.,Romance
Charles,"Thanks. You know, I kind of just realized--",Emotion
Charles,Gotcha. Raincheck on that convo.,Conversation Glue
Charles,"Uh, I have to go, too. My flight’s in... Oh boy. Eight hours. I can make it, I’ll just buy a sandwich on the plane.",Personal Life
Charles,Buh-buh-buh-back in the Nine-Nine.,Police Work
Charles,"Wow, is this all for me?",Emotion
Charles,"Oh, none of my pants fit over my butt cast. Lucky for me my mom lent me her leg warmers.",Personal Life
Charles,"Yeah, I know. Check out these doughnuts. Whoo-hoo!",Food
Charles,"Nope, nope. Everything's under control. I picked up a couple reacher grabbers.",Personal Life
Charles,"So I'm able to do everything that I used to do. So now, if you'll excuse me, I'm going to go make myself a morning cup of coffee like I do every day.",Personal Life
Charles,"Okay, okay.",Conversation Glue
Charles,"Okay, I guess. I mean, if you don't mind.",Emotion
Charles,No problem.,Conversation Glue
Charles,Cold milk.,Food
Charles,It is coming out the bottom of my cast.,Personal Life
Charles,"Backing up, guys.",Conversation Glue
Charles,"You know, the doctor said that if the b*llet was two millimeters to the left and a foot higher, I might never have walked again.",Personal Life
Charles,"Really? You're lifting the lifetime ban? I thought my lunch choices were ""horrifying adventures in diarrhea.""",Food
Charles,All right! I've been craving Sudanese all day. I'll print out some menus.,Food
Charles,"He said that if the b*llet was a fraction of an inch to the left and two feet up, it woulda hit my brain.",Personal Life
Charles,"Pedal, pedal, pedal, pedal, pedal, pedal, push. Pedal, pedal, pedal, pedal, pedal, push. All this cycling makes me feel like Lance Armstrong.",Personal Life
Charles,Wouldn't you like to know?,Insult / Snark
Charles,"So, what'd I miss? Tell me all the jokes. Everything funny that happened.",Personal Life
Charles,Great.,Conversation Glue
Charles,"Yeah, it's way down there by my butt. Oh, yeah. Yeah, yeah, that's it.",Personal Life
Charles,Yup.,Conversation Glue
Charles,Right there.,Conversation Glue
Charles,Oop. Found it. I'll be right back.,Personal Life
Charles,"Hiding from me in the evidence room. They think I don't know, but Gina's been live tweeting the whole thing.",Police Work
Charles,"Maybe it was too soon for me to come back. I would've just stayed at home, but I was getting lonely and bored. One day I looked out the window for four hours. I didn't see anything.",Personal Life
Charles,Ah...,Conversation Glue
Charles,I know.,Conversation Glue
Charles,"Oh, my butt!",Emotion
Charles,"For exceptional acts of heroism or voluntary risk of personal safety. But, you know, six of one.",Police Work
Charles,"That thing is a date magnet. I mean, how many girls have you made out with in that car? Six?",Romance
Charles,"No, Jakey, no! That car is your superpower. Thor would never wager his hammer. Neil Patrick Harris would never wager his showmanship. Losing that car will be the worst thing in the world for you.",Emotion
Charles,Peanut butter will not be joining us.,Food
Rosa,Maybe it was just old person gunk. You know how old people always have that gunk on them.,Insult / Snark
Rosa,"Wait, tell us about the new Captain.",Police Work
Rosa,And go!,Conversation Glue
Rosa,Tell me who has me for Secret Santa.,Insult / Snark
Rosa,"Yes, you will.",Conversation Glue
Rosa,He seems cool.,Conversation Glue
Rosa,"Looks like the perp stole a computer, a watch, and a Jamon lberico ham, valued at... what! $6,000.",Police Work
Rosa,Sure.,Conversation Glue
Rosa,Citizen Kane is terrible. Pick a good movie.,Insult / Snark
Rosa,So what movie did you get us tickets to?,Personal Life
Rosa,Just to be safe? What does that mean?,Conversation Glue
Rosa,"You think I'm opinionated? Okay, here's an opinion for you. You're a bad judge of character and your shirt looks like vomit.",Insult / Snark
Rosa,We're not seeing a movie together.,Personal Life
Rosa,"Yeah, nice!",Conversation Glue
Rosa,Here. I feel bad that you spent all that money on the movie tickets.,Emotion
Rosa,Nope.,Conversation Glue
Rosa,It's not awkward. I like your company. You're sweet.,Insult / Snark
Rosa,Hands behind your back! Hands behind your back!,Police Work
Rosa,A minivan? A-ha!,Police Work
Rosa,Babysitting. Ha-ha!,Insult / Snark
Rosa,How's that interesting?,Insult / Snark
Rosa,Also not interesting.,Insult / Snark
Rosa,"Ugh. Really, Gina? A psychic?",Insult / Snark
Rosa,"Thank you, Carlene. Your entire life is garbage.",Insult / Snark
Rosa,You know what they don't teach you at the academy? It's better to be a criminal.,Insult / Snark
Rosa,Where was it?,Conversation Glue
Rosa,So what are you doing tonight?,Personal Life
Rosa,Nothing.,Conversation Glue
Rosa,"Don’t arrest him. Just smack him. Hard. With a phone book on a body part no one can see, you know what I’m saying?",Insult / Snark
Rosa,"Ha, ha, I guess so, yeah. Why?",Conversation Glue
Rosa,What’s up with the chair?,Conversation Glue
Rosa,"There. Now you’re hurt in this chair. You can get hurt anywhere, Boyle. And if you do, it won’t be because some shoe salesman predicted it. You make your own destiny.",Emotion
Rosa,Move.,Conversation Glue
Rosa,No. Robocop. It's got everything Ike--gratuitous violence.,Personal Life
Rosa,I was. I'm done.,Conversation Glue
Rosa,At least you get to sit on your butt all day.,Insult / Snark
Rosa,What do you need?,Conversation Glue
Rosa,That thing where we try to get a bunch of loser kids to become student snitches?,Insult / Snark
Rosa,Losers.,Insult / Snark
Rosa,Snitches. What about it?,Insult / Snark
Rosa,Now I gotta read something?,Insult / Snark
Rosa,You asked us to come in here.,Conversation Glue
Rosa,"Fly to Montreal, hit a classy hotel bar, bone a stranger, slump over.",Personal Life
Rosa,Yeah.,Conversation Glue
Rosa,Yeah.,Conversation Glue
Rosa,"Nah, I think I'm good.",Conversation Glue
Rosa,"They don't identify with you because you're not from the streets. I am. Follow, watch, learn. All right, listen up. I know you think you're badasses. But deep down, you're scared. How do I know? Because I've been that same scared kid, and if you don't get your crap together, I'm gonna end up busting you and throwing you in jail. Got it?",Police Work
Rosa,What's happening?,Conversation Glue
Rosa,That's never happened before. I don't like it.,Emotion
Rosa,"In this case, not being a cop might actually be better.",Police Work
Rosa,You did this program?,Conversation Glue
Rosa,"My oldest collar was 78, but the PCP made her fight like she was 20.",Police Work
Rosa,Charles isn't talking about his oldest arrest.,Personal Life
Rosa,"Come on, Peralta, Holt said to use the whole team. We all want this solved.",Police Work
Rosa,"Yo, I looked at the photos of your victim on your desk.",Police Work
Rosa,"The puncture wounds are similar to a case I had a while back. They aren't from a knife. I think it's something spiral, like a corkscrew.",Police Work
Rosa,Don't shush me. I'm helping you.,Emotion
Rosa,Uh-oh. You better get back here. Now.,Police Work
Rosa,That's because it was 98% solved.,Police Work
Rosa,Me too. But he's kind of hot.,Romance
Rosa,"What? You can hate people and still think they're hot. Case in point, Manuel Noriega.",Romance
Rosa,"Yeah, she's thick.",Romance
Rosa,Sorry you got vultured. Happens to the best of us.,Emotion
Rosa,"On my count. One, two...",Police Work
Rosa,Or slash his gorgeous throat.,Romance
Rosa,He seems like he would.,Conversation Glue
Rosa,"On third, right near here. How do you know that?",Police Work
Rosa,What?,Conversation Glue
Rosa,Hitchcock farts nonstop.,Insult / Snark
Rosa,She dumps it in the hallway trash chute on the way to the doorman.,Police Work
Rosa,"Stab! Then I... Toss the corkscrew out the window, and it lands on a passing car.",Police Work
Rosa,Can't tell you how many nuns I wanted to beat up in catholic school. Ten.,Personal Life
Rosa,Good. You shouldn't know it.,Conversation Glue
Rosa,Didn't graduate. Had to leave.,Personal Life
Rosa,Here's a hint. I'm not gonna tell you.,Insult / Snark
Rosa,"If you wanted to make a bet with Holt, you shoulda made a bet you could win. Like who wears more denim jackets.",Insult / Snark
Rosa,"Okay, here's the first set of royal babies I rounded up. Popular costume. Any of these guys look familiar?",Police Work
Rosa,"Number three, step forward and say, ""give me your money, you stupid bag of crap.""",Police Work
Rosa,Worse.,Conversation Glue
Rosa,Worse.,Conversation Glue
Rosa,"Number three, step forward and say the word ""worse.""",Police Work
Rosa,I remember that old bag. She was my favorite.,Personal Life
Rosa,Fine. The reason I left catholic school was because I got into the American ballet academy. I was a classical dancer. And I was good.,Personal Life
Rosa,"You tell anyone, I break your face. {ROSA CLOSES HER DRAWER WITH HER FOOT}",Insult / Snark
Rosa,Officer in the 92nd got the royal baby mugger. He had 19 wallets in his diaper.,Police Work
Rosa,"Oh, I didn't tell you. I got kicked out of ballet school for beating the crap out of ballerinas.",Personal Life
Rosa,What's up with this emergency meeting?,Conversation Glue
Rosa,"Hey, is this why you were getting makeup tips from the prostitute in the holding cell?",Insult / Snark
Rosa,"Hey, Gina, can you order food for us at the Flatbush Diner? They make the best pies in New York City.",Food
Rosa,Wrong. Ignorant and wrong.,Insult / Snark
Rosa,"Boyle, you're always blogging on that foodie website. Which pie's better?",Food
Rosa,Morning.,Conversation Glue
Rosa,You people already know too much about me.,Emotion
Rosa,Is that a nightgown?,Conversation Glue
Rosa,"Hey, if Jake says the guy did it, that usually means the guy did it.",Police Work
Rosa,"No, I'm still furious at you.",Emotion
Rosa,Where's he taking you?,Conversation Glue
Rosa,"For me: Cheap dinner, watch basketball, bone down.",Romance
Rosa,"None of the partials match Whitman. If he did it, he didn't leave any prints.",Police Work
Rosa,"Pie taste test, it's over. I won.",Food
Rosa,"Ah, come on!",Emotion
Rosa,Good.,Conversation Glue
Rosa,"So you were lying? What the hell, Boyle?",Emotion
Rosa,"Damn, it is amazing.",Emotion
Rosa,"You only get one shot at this, Peralta.",Police Work
Rosa,How much time do we have?,Police Work
Rosa,Why do you care so much about some old reporter?,Conversation Glue
Rosa,No. And no one has ever thought that.,Insult / Snark
Rosa,Pass.,Conversation Glue
Rosa,Why? I'm fine on the stand.,Emotion
Rosa,I'm sorry... can you make her stop doing that weird thing with her face?,Insult / Snark
Rosa,"And when this is over, I'm gonna find you, and I'm gonna break those little fingers.",Insult / Snark
Rosa,Fine. I'll take your dumbass seminar.,Insult / Snark
Rosa,Fine. How do I get these morons to like me?,Insult / Snark
Rosa,To be perfectly candid... I like that.,Emotion
Rosa,I know how to blink.,Conversation Glue
Rosa,Why are we meeting in the ladies' room?,Conversation Glue
Rosa,What's wrong with the way I dress?,Emotion
Rosa,Your wife and Boyle's mom are both blind?,Insult / Snark
Rosa,I look like arsenio.,Emotion
Rosa,No.,Conversation Glue
Rosa,Yes.,Conversation Glue
Rosa,To be perfectly candid... My name is Detective Rosa Diaz.,Police Work
Rosa,I caught Mr. Ladd physically beating his boss with a fax machine. Most of his cheek was caved in. His head was basically a blood fountain.,Police Work
Rosa,"Great advice, dummies. I look like a psycho up there!",Insult / Snark
Rosa,That's not helping!,Emotion
Rosa,Of course I'm nervous! What did you think was the problem?,Emotion
Rosa,What's that? Sounds stupid.,Insult / Snark
Rosa,Great! Now I'm starving!,Food
Rosa,"To be perfectly candid, I was pretty sure it was the defendant.",Police Work
Rosa,I think I know what happened.,Police Work
Rosa,Your client instigated the fight. I'm certain. And I'm happy to tell you why.,Police Work
Rosa,Huh. Boyle's advice worked.,Emotion
Rosa,"I'm in a cabin in the middle of nowhere. Inside it's just me and that stupid, slimy defense attorney.",Insult / Snark
Rosa,"I owe you one, Boyle. Thank-you dinner. Tomorrow night. Gribaldi's. It's all-you-can-eat linguini.",Food
Rosa,"Oh, my boyfriend's coming too.",Romance
Rosa,You're not a genie.,Insult / Snark
Rosa,"The guy who did the safe in the second apartment, what was his name?",Police Work
Rosa,What?,Conversation Glue
Rosa,"Yeah, I know how to spell cone.",Conversation Glue
Rosa,Nope.,Conversation Glue
Rosa,Nope.,Conversation Glue
Rosa,You have a problem with me that you want to talk about?,Emotion
Rosa,Here's an itemized list of everything taken from the garden apartment.,Police Work
Rosa,"Oh, my God, enough.",Emotion
Rosa,"That's it. Get in my car, now. And if you say another word, I promise you, you will regret it.",Insult / Snark
Rosa,"I thought about it, but then I put that thought on hold. I wanted to show you Ropesburg.",Personal Life
Rosa,"You wanted this offer so badly, I thought I'd give you a chance at the job.",Police Work
Rosa,"Hi, sergeant. No, I'm still not interested. At all. But this is Detective Santiago. She's one of our top detectives, and she really wants the job.",Police Work
Rosa,"He quit to start a carpet cleaning business, because that was better than being Captain here because this is the most boring place on earth.",Insult / Snark
Rosa,I'll pay for that.,Conversation Glue
Rosa,So what'd you think of Ropesburg?,Personal Life
Rosa,"It's whack, and you know it. Their number-one crime is tricycle theft. There's a bakery attached to the precinct. Come on, Santiago. You never would've taken that job, so why'd you even care that they offered it to me?",Emotion
Rosa,"Well, you're not the only girl at the table anymore. We work in a police force full of dudes. We gotta have each other's backs, okay?",Emotion
Rosa,"Yeah, I got your back. Don't smile. I'm still mad at you.",Emotion
Rosa,Moment's over. Shut up.,Insult / Snark
Rosa,"Ha! ""Boyle objects to Boyle Bingo.""",Emotion
Rosa,It's the one without any blood on it.,Police Work
Rosa,"It looks like you live on the set of Murder, She Wrote.",Insult / Snark
Rosa,Don't apologize. I'd rather spend Thanksgiving at your house than with my sister.,Personal Life
Rosa,Yay.,Conversation Glue
Rosa,"It's so pleasant and boring. But, Holt, at your house, surrounded by these idiots? Guaranteed train wreck. Thanks for the invite. (Smiles)",Insult / Snark
Rosa,"Oh, look at that. ""Boyle saves Thanksgiving.""",Insult / Snark
Rosa,"No. But it does say, ""Boyle believes obvious lie.""",Insult / Snark
Rosa,Please do.,Conversation Glue
Rosa,Are you eating packing peanuts?,Insult / Snark
Rosa,Amy broke everything and got us kicked out of the bar. Then we got attacked by rats. It's the best Thanksgiving ever.,Personal Life
Rosa,"""I marked them 'Awk' for 'Awkward'?""",Conversation Glue
Rosa,What are you wearing?,Conversation Glue
Rosa,"Yeah, till you made the best Thanksgiving meal I've ever had and ruined it.",Food
Rosa,That’s nice. And I like you as a person. But I’m just not interested in you romantically.,Romance
Rosa,"Again- that’s sweet. But I’m not into you that way, and I have a boyfriend.",Romance
Rosa,Listen to me: the healthy thing for you to do is move on.,Romance
Rosa,You’re the only one who did that.,Conversation Glue
Rosa,"So, if Boyle, Peralta, and the sergeant are out--",Police Work
Rosa,"Let me get that for you, Boyle.",Personal Life
Rosa,I think he's into me.,Romance
Rosa,"Fear is a powerful aphrodisiac. Anyway, he said he wants to speak to ""John or Jack Peralta or whatever.""",Romance
Rosa,Yeah. He said he wants a deal. He has some information about some dude who steals Pontiacs.,Police Work
Rosa,"Yeah, I just said that. Chill, man.",Conversation Glue
Rosa,Yeah.,Conversation Glue
Rosa,"Before we go any further, we need to know if you're for real. Describe the guy.",Police Work
Rosa,So all you know is what a bunch of other mopes have said over the years. Anything else?,Police Work
Rosa,"12 counts of identity theft, but I've been chasing him for a month.",Police Work
Rosa,96,Conversation Glue
Rosa,"1,000 push-ups, really?",Conversation Glue
Rosa,Okay. I'm in.,Conversation Glue
Rosa,"It's a pact we made. It really just means ""trust me."" And I do.",Emotion
Rosa,No way.,Conversation Glue
Rosa,Why stop there? Why not tell her you're an astronaut?,Insult / Snark
Rosa,"Fine. One false move, and I tase you in front of your mom.",Insult / Snark
Rosa,I love getting to know people. It's my jam.,Personal Life
Rosa,You guys having fun?,Conversation Glue
Rosa,'Cause I'm not. His mom put this stupid braid in my hair.,Insult / Snark
Rosa,"No, you look like a Boyz II Men Easter album.",Insult / Snark
Rosa,There's no sign of anyone. You sure about this?,Police Work
Rosa,"No, we do not. Something doesn't smell right to me.",Police Work
Rosa,"Do I? One of you is a criminal, and the other one is dressed like Steve Harvey. It's over. I'm ending this now. Sorry, Jake.",Insult / Snark
Rosa,"Yeah. 1,000 push-ups.",Conversation Glue
Rosa,"What? That's not how this works. I said 1,000 push-ups, you have to back me up. That's the pact, end of story.",Emotion
Rosa,I hope you understand how serious this is to me.,Emotion
Rosa,Don't quote Die Hard.,Insult / Snark
Rosa,We got eyes on the bandit. He's a block away.,Police Work
Rosa,What is he doing?,Conversation Glue
Rosa,That's it. I'm calling it.,Police Work
Rosa,Hands on your head!,Police Work
Rosa,He's gone. He ran.,Police Work
Rosa,"Yeah, you did. Why don't you come back here and take me out to dinner?",Romance
Rosa,"I got a lot of work to do, Peralta.",Police Work
Rosa,"No, you can't.",Conversation Glue
Rosa,"I don't care about the push-ups, Jake. I care that you didn't honor our pact. I've always trusted you, and when you did that it made me feel like you don't trust me.",Emotion
Rosa,"No, it won't. Now get down on the floor.",Police Work
Rosa,I changed my mind.,Conversation Glue
Rosa,"Night, Peralta.",Conversation Glue
Rosa,"You said 2,000, remember?",Conversation Glue
Rosa,What about your car?,Conversation Glue
Rosa,"Sure, that sounds great.",Conversation Glue
Rosa,His pain meds are making him weird.,Insult / Snark
Rosa,I'm avoiding Boyle and his truth bombs.,Personal Life
Rosa,He keeps saying he wants to talk to me. I'm afraid he's gonna tell me he loves me or propose marriage or something.,Romance
Rosa,He dove in front of those b*ll*ts for me. I can't be mean to him. I watched him make coffee for 28 minutes this morning. But I also can't lead him on.,Romance
Rosa,Oh. It's happening?,Emotion
Rosa,"Okay, let's do this. I think you're sweet--",Romance
Rosa,Sounds awful. Hit the park. That's a dog.,Personal Life
Rosa,You don't have locks on your windows.,Police Work
Rosa,They cost $8. You have a fur bedspread.,Personal Life
Rosa,We need an itemized list of everything that was stolen.,Police Work
Rosa,Can't you just buy another knockoff?,Insult / Snark
Rosa,Can you estimate the value of everything that was taken?,Police Work
Rosa,None of the partials returned any matches. Nobody in your building saw anything. We've hit a wall.,Police Work
Rosa,"Captain, we swept the scene, ran the prints, canvassed the building. We followed procedure.",Police Work
Rosa,What's the matter with you?,Insult / Snark
Rosa,A P.I.? These guys are hacks.,Insult / Snark
Rosa,"""Look up who Picasso is.""",Insult / Snark
Rosa,She once said the best comedy of all time was The Girl with the Dragon Tattoo.,Personal Life
Rosa,Depends. How many g*ns do I still have hidden?,Personal Life
Rosa,Do I still have my knife? Nunchucks? Axe?,Personal Life
Rosa,"I know, but I want to play it out. Do I still have my throwing stars?",Personal Life
Rosa,You're here late.,Conversation Glue
Rosa,We are. Come on. We're taking you home.,Personal Life
Rosa,"We installed a second lock on your front door, put locks on the windows by the fire escape, and set all your lights on timers.",Police Work
Rosa,Ugh. You made us run up ten flights of stairs.,Emotion
Rosa,"Hey, Pembroke. What do you say we go talk about a case in the break room?",Police Work
Rosa,The case of how you got so damn sexy.,Romance
Rosa,"Good news is, the sting we set up to catch deadbeats went great.",Police Work
Rosa,"You're not very bright, are you, Bill?",Insult / Snark
Rosa,"It's my birthday. I hate birthdays. If you wish me a Happy Birthday, I will punch you.",Insult / Snark
Rosa,"Yeah, guy was passing bad checks.",Police Work
Rosa,"Yeah, the name here is the same name on the checks.",Police Work
Rosa,"Extinguisher's empty, morons.",Insult / Snark
Rosa,You think I have an anger problem? I don't. You are both dead to me.,Insult / Snark
Rosa,I knew just where to punch it to get free food. Now I have to go back to punching Hitchcock.,Food
Rosa,Still too much.,Conversation Glue
Rosa,Anyone over the age of six celebrating a birthday should go to hell.,Insult / Snark
Rosa,Why are you so obsessed with that game?,Insult / Snark
Rosa,"Stop saying ""insatiable.""",Insult / Snark
Rosa,You want me to go to a bar?,Personal Life
Rosa,You are obviously trying to get me to go to a surprise party. Did Marcus put you up to this?,Personal Life
Rosa,Maybe he's having dinner with his sidepiece first.,Romance
Rosa,"You look fine. Here, wear this. Jake, you need a jacket or something.",Personal Life
Rosa,Who else is going?,Conversation Glue
Rosa,"Don't lie to me, Boyle, or you will be eating your bone marrow custard through a straw.",Insult / Snark
Rosa,- Charles! -,Conversation Glue
Rosa,"If you knew me, you'd know I hate surprise parties, so clearly you don't know me at all.",Insult / Snark
Rosa,"That will never happen. In fact, you just lost ""Rosa"" privileges. From now on, you can call me ""Diaz"" or ""Hey, you.""",Insult / Snark
Rosa,"Yeah, who cares about a kiss? Call me if you grab each other's asses. He's pulling over. It's going down.",Romance
Rosa,"Guys, guys, it's not a handoff. He's leaving the package.",Police Work
Rosa,We can't pull him over this close to the drop site. It'll alert the buyer. I say we follow him for a mile.,Police Work
Rosa,"Dude, stop saying random facts to try to prove you know me.",Insult / Snark
Rosa,Enough! I'm going to the dumb party but only because I don't want to hurt Marcus. I'm still super mad at you.,Emotion
Rosa,"Oh, I just want to see Lorelai happy, and shut up!",Personal Life
Rosa,"How's this? Oh, my God. It's so much worse than I imagined.",Emotion
Rosa,"All right, let's get this over with.",Conversation Glue
Rosa,What's going on?,Conversation Glue
Rosa,This is incredible.,Emotion
Rosa,"Thank you. But never call me ""Ro-ro"" again.",Emotion
Rosa,Wow.,Conversation Glue
Rosa,What the hell are these?,Conversation Glue
Rosa,"Sarge, I don't need to be monitored all day long. I'm not a toddler. This is stupid.",Insult / Snark
Rosa,"Fine, but I am gonna play the hell out of some backgammon. Watch me.",Personal Life
Rosa,I'd love to see you date someone from work. Your head would explode.,Insult / Snark
Rosa,Mm. Sick burn.,Insult / Snark
Rosa,I don't hear anything.,Conversation Glue
Rosa,What? I put it up there for safe keeping.,Conversation Glue
Rosa,"Yeah. I had it on my desk, but I kept spilling coffee on it. Oops.",Personal Life
Rosa,So what is this? Casual? Serious? I need to know how to make fun of you. You guys dating?,Romance
Rosa,"Oh, that's not good.",Emotion
Rosa,"So, Boyle…",Conversation Glue
Rosa,"Let's go look at those surveillance tapes, yeah?",Police Work
Rosa,"Why are you still playing with that stupid game, Sarge? The guy is dead.",Insult / Snark
Rosa,"His orders were stupid. I hated him more than any cop I've ever known. Whoa. I just realized I'm never gonna be able to say that to his face. I mean, I could say it to his wife at the funeral, but it won't be the same.",Emotion
Rosa,I didn't do it for him. I did it 'cause it's my job. We cool?,Police Work
Rosa,Good.,Conversation Glue
Rosa,Still hot.,Romance
Rosa,He stared at me for 90 seconds while he ate an entire peach.,Personal Life
Rosa,"Really? 'Cause when you left, you made a pretty big deal of deleting us from your phone.",Emotion
Rosa,I don't think we're that dramatic.,Conversation Glue
Rosa,Ugh. What do you even know about this person?,Insult / Snark
Rosa,This is creepy and unlike you. You even know her first name?,Insult / Snark
Rosa,"Well, this got upsetting real quick.",Emotion
Terry,"JP, update on the Morgenthau murder?",Police Work
Terry,How about we focus on the murder and not the old person gunk?,Police Work
Terry,"Okay, I want you on this. It's gonna be priority one for the new C.O.",Police Work
Terry,Captain Holt will be here soon. He'll wanna introduce himself. Dismissed.,Police Work
Terry,"Yes, sir.",Conversation Glue
Terry,"Fatter, sir. They called me ""Terry tіttіеs."" Because I had large, uh...",Personal Life
Terry,"A year ago, my wife and I had twin baby girls. Cagney and Lacey.",Personal Life
Terry,"Ever since, I kinda got scared of getting hurt. Lost my edge. There was an incident in a department store.",Emotion
Terry,I’m fine. I'm fine.,Emotion
Terry,And I'm still not right.,Emotion
Terry,"Now the good ones. Rosa Diaz. Tough, smart, hard to read, and really scary.",Police Work
Terry,"Charles Boyle. He's a grinder. Not the most brilliant detective, but he works harder than anyone else. He's not physically… gifted.",Police Work
Terry,"Amy Santiago. She's got seven brothers, so she's always trying to prove she's tough.",Police Work
Terry,"She and Peralta have some big bet over who gets more arrests this year. Ever since the bet, their numbers have gone way up.",Police Work
Terry,Jacob Peralta is my best detective. He likes putting away bad guys and he loves solving puzzles. The only puzzle he hasn't solved is how to grow up.,Police Work
Terry,I’ve talked a lot about Jake in my departmentally mandated therapy sessions.,Personal Life
Terry,"Absolutely, sir. Where do we start?",Conversation Glue
Terry,"You're lucky, man. I wish I could get assigned here full-time. You could not be farther from the action.",Police Work
Terry,"You're wrong about Holt. That man has forgotten more about being a cop than you will ever know. In 1981, he caught the Disco Strangler.",Police Work
Terry,The man is the real deal. You need to listen to him.,Police Work
Terry,"Okay, detectives, let's get started. Santiago, where are we with the Jay Street drug bust?",Police Work
Terry,Good. Take Boyle and Diaz.,Police Work
Terry,"Peralta, brief us on the vandalism case.",Police Work
Terry,He can clearly spot 'em. You should take my minivan.,Personal Life
Terry,You all got a problem with my minivan?,Personal Life
Terry,"‘Cause my wife doesn't like it either. She wanted an SUV, but those things roll, man. They roll!",Personal Life
Terry,You made a mixtape?,Personal Life
Terry,"What's insane is how you refuse to get with the program. There is a new sheriff in town, Jake.",Police Work
Terry,Did he let you play your mixtape?,Personal Life
Terry,"Get an iPod, man. Mixtape?",Personal Life
Terry,"What are you doing, Peralta?",Police Work
Terry,What? There's a penis on my minivan?,Personal Life
Terry,"Baby, I've got some bad news. Someone painted a giant penis on our minivan. No, you cannot have an SUV now. Those things roll, baby. They roll!",Personal Life
Terry,Francois Truffaut's Breathless. What? Terry likes foreign films.,Personal Life
Terry,"All right, let's get started. Scully. Where are you on digitizing the old case files?",Police Work
Terry,Why are you smiling? That's nothin’.,Conversation Glue
Terry,Dismissed.,Police Work
Terry,"Oh, I love being Scary Terry. He says what regular Terry's thinking.",Emotion
Terry,This is takin' too long! I'm gonna miss the farmer's market!,Personal Life
Terry,"But I'm too busy. I've got a special case I'm working on. Uh, Hitchcock, Boyle needs you to fill out a lineup.",Police Work
Terry,Why was your hand in her back pocket?,Romance
Terry,"10,000 sit-ups.",Personal Life
Terry,"He's right. You just need a win. Pick your easiest, no-brainer case, and work it till it's done.",Police Work
Terry,Don't make me hit you again.,Insult / Snark
Terry,Um...I'm building this dollhouse for my girls. It's their birthday tomorrow. I told my wife I'd get it done.,Personal Life
Terry,"No! I can do this. It's just driving me a little crazy. Where do I affix the princess tower, Boyle?! Where do I affix it?!",Emotion
Terry,"Not now, Boyle. Let a brother breathe. Let a brother breathe.",Emotion
Terry,"Oh, my God. What happened to all the princess flourishes?",Personal Life
Terry,"Thank you, Boyle. I appreciate it.",Conversation Glue
Terry,Peralta... Where are we on the Lincoln place murder?,Police Work
Terry,"Yes, Jake. I played linebacker at Syracuse.",Personal Life
Terry,You mean drive you there and wait outside... Far away from the guns.,Emotion
Terry,"Sir, I haven't fired a weapon since the incident.",Emotion
Terry,"Actually, there was an incident after that.",Personal Life
Terry,Screaming shooting the piñata.,Personal Life
Terry,"Sir, I may not be the man for the job.",Emotion
Terry,All right. Back your left foot up a hair.,Police Work
Terry,No! Gina! We've been over this.,Police Work
Terry,"All right, look, hands here, stand up straight, chin forward.",Police Work
Terry,Gina!,Conversation Glue
Terry,"Yeah, everybody does stances, Gina. Listen, uh... Hey, all right, all right! Look, hey, both you, just watch.",Police Work
Terry,Why are you counting my shots? Are you trying to have me recertified?,Police Work
Terry,I can't believe you tricked me!,Emotion
Terry,I just need a second.,Emotion
Terry,It's just the target looks exactly like a friend of mine. It's just freaking me out.,Emotion
Terry,"Yes. Let's all just count to a million. One, two, three, four, five, six... So then lceman says, ""You can be my wingman any day."" And then Maverick says...",Personal Life
Terry,I know!,Conversation Glue
Terry,Peralta! Now.,Police Work
Terry,"Shut it! Holt was right. I've been so worried about my own kids, I forgot about my stupid grown-up kids.",Emotion
Terry,"I should've been on you guys more. And starting now, I will be. But if you ever do this again, I swear I will crush your head in one hand.",Insult / Snark
Terry,Try me.,Insult / Snark
Terry,The boss is taking heat for something that's not even his fault. I can't let that happen.,Police Work
Terry,Sir? Thank you.,Conversation Glue
Terry,"It's gonna be a long road, but I'm ready to get myself back in the game.",Emotion
Terry,"I mean, eventually... Not tonight. I need to go hug my baby girls. Excuse me.",Personal Life
Terry,I didn't know you went to catholic schooL,Personal Life
Terry,I get it. You're so mysterious and tough. But you know what I think? You're actually a big softy.,Personal Life
Terry,You probably read a Maya Angelou poem at your graduation and cried.,Insult / Snark
Terry,Why? What'd you do?,Conversation Glue
Terry,"Oh, I'm gonna find out anyway.",Conversation Glue
Terry,I'm a Detective. I will detect!,Police Work
Terry,"Look, Jake, I love you like you're one of my daughters.",Emotion
Terry,But it's not about you or how smart you are. It's about Captain Holt. The man's a genius. He's had your number at every turn.,Police Work
Terry,I still want to know why you got kicked out of catholic school. Were you doing drugs?,Personal Life
Terry,Selling drugs?,Personal Life
Terry,How bad could it have been? Did you burn down a church?,Personal Life
Terry,"Well, guess what she said. Apparently, you were a model student and transferred of your own volition.",Personal Life
Terry,I knew it! I knew you were a big softy.,Personal Life
Terry,"Boyle, I need you in the briefing room.",Police Work
Terry,Damn!,Emotion
Terry,"Whoa, Detective Santiago.",Conversation Glue
Terry,I'm not tired. Why would you think I was tired?,Personal Life
Terry,"I ended up doing 25 minutes of sleep chin-ups on muscle memory alone. Tired Terry still gets after it, that's all I'm saying.",Personal Life
Terry,"Just long enough for me to squeeze in quick workout. So, like, three hours.",Personal Life
Terry,That's mine. It's a t-shirt from my fat phase.,Personal Life
Terry,"When you're that big, you buy anything that fits. A lot of fat guy clothes have racist overtones.",Personal Life
Terry,"You got a second, Captain? I've got these overtime forms for you to s...",Police Work
Terry,"No, sir.",Conversation Glue
Terry,"I'm fine. And I filled this out. I just need you to... Permission to yawn, sir.",Personal Life
Terry,What's this?,Conversation Glue
Terry,I didn't ask what you were doing. I asked what you are doing.,Conversation Glue
Terry,"That's unacceptable. If you wanna know which restaurant has better pies, you can't just have one guy try one pie from each place. Everybody needs to try all the pies from both places. We gonna be here awhile.",Food
Terry,Another one for Crust. It's not looking good for Flatbush Diner.,Food
Terry,Bring out the meringues.,Food
Terry,"You wanted something, sir?",Police Work
Terry,"Sir, this is not necessary. Also, can't sleep without my whale songs.",Personal Life
Terry,"Everything's great with my wife. It's just, my brother-in-law's in town, and we do not get along. He thinks I'm a weakling.",Personal Life
Terry,I can do it.,Emotion
Terry,He makes me feel so small.,Emotion
Terry,This is such a disaster.,Emotion
Terry,"No, not that. My brother-in-law is coming to have dinner with me on his way to JFK. But also the botched investigation, that's bad too.",Personal Life
Terry,So this is my desk.,Police Work
Terry,"Actually, I don't like pickles that much.",Food
Terry,Oh?,Conversation Glue
Terry,"So you want me first through the door, sir?",Police Work
Terry,"Hey, I'm not gonna be able to make dinner tonight.",Personal Life
Terry,"Thank you, sir. I'll never forget it.",Emotion
Terry,All right. Everyone's here. Today we're gonna work on our courtroom demeanor.,Police Work
Terry,"This seminar is not optional, Diaz. You're testifying in an aggravated assault case tomorrow. The D.A. is worried about how you present yourself on the stand.",Police Work
Terry,This is an important case. You need to do well.,Police Work
Terry,"All you need is for a jury to like you. If they like you, they'll trust you.",Police Work
Terry,Don't call them morons.,Police Work
Terry,Good instinct!,Police Work
Terry,And always make good eye contact.,Police Work
Terry,Yeah. You gotta blink.,Police Work
Terry,Or too fast.,Police Work
Terry,Don't blink too fast or too slow or too much or too little.,Police Work
Terry,It's the perfect place for our second lesson... Courthouse wardrobe.,Police Work
Terry,"Boyle, pull it together.",Police Work
Terry,We need to soften up your look. My wife and Charles's mom donated some clothes.,Police Work
Terry,No.,Conversation Glue
Terry,That's great.,Conversation Glue
Terry,She's dressed right. We coached her. She'll be okay.,Police Work
Terry,We just assumed you were a terrifying human being with a short fuse.,Personal Life
Terry,"I know that, Boyle.",Conversation Glue
Terry,"Diaz, you did it. They found him guilty on all charges.",Police Work
Terry,Yeah. Okay. I'm gonna go ahead and schedule you for a psych eval.,Police Work
Terry,What are you talking about?,Conversation Glue
Terry,I was working out and saw a muscle in my shoulder I'd never seen before. I thought it might've been a scientific discovery.,Personal Life
Terry,"Captain, here's the mope who hacked our computer system. His mother turned him in. His name is Corey Park.",Police Work
Terry,"His web handle is ""savant."" His people name is Corey Park.",Police Work
Terry,Why are you giving candy to a baby in the first place? Don't give candy to a baby! They can't brush their teeth!,Police Work
Terry,I doubt I'll need Gina's help. I'm sure she's busy anyway.,Police Work
Terry,"Man, don't be hacking into my stuff.",Police Work
Terry,"Ah, you must be Simon Walker. Have a seat. It says here you were an I.T. Specialist with the board of ed for two years.",Police Work
Terry,I'm sorry about her. Okay. What's your experience with cyber-security?,Police Work
Terry,There's no need to be nervous.,Police Work
Terry,What would you say is your biggest weakness as an employee?,Police Work
Terry,"Fine, what about this guy?",Insult / Snark
Terry,"Fine, what was with the flossing?",Personal Life
Terry,That punk who hacked us?,Police Work
Terry,But how can we be sure he won't turn on us?,Police Work
Terry,"Savant, you're part of the nine-nine now. We look after each other. Hey, ball, if savant was to do anything to harm this precinct, would I destroy him? (Terry crushes the 8 ball with his hand, Charles eyes are widen) Answer uncertain. Try again.",Insult / Snark
Terry,"Boyle says, ""Come on, guys."" That's two for Terry.",Conversation Glue
Terry,"Damn it, Boyle. You left the fridge open. The door couldn't shut because of your empty pizza box.(Takes out the pizza box)",Food
Terry,"Everything's spoiled. My lunch is ruined. My chicken, my potatoes, my pasta, my meatballs, ham, my yogurt. (Takes out every meal)",Food
Terry,I love yogurt.,Food
Terry,"I need to eat 10,000 calories a day to maintain muscle mass. My wife made me all of this before she left town with the kids. That was everything in my fridge. (Closes fridge door)",Personal Life
Terry,Scully.,Conversation Glue
Terry,Where is it?,Food
Terry,Is it in your pockets?,Food
Terry,I'm gonna shake it out of your pockets. Turn around.,Food
Terry,Release your sweets.,Food
Terry,"Hey, excuse me. Can we please eat? My body is starting to digest itself. Terry needs nutrients.",Personal Life
Terry,"No waiting, just toasting. I want you to toast. Now I wanna eat toast. Give me some toast!",Food
Terry,Why wouldn't you? They're both white powders. Of course they're interchangeable.,Food
Terry,Can't. I'm so stuffed.,Food
Terry,Toilet.,Food
Terry,I ate one string bean. It tasted like fish vomit. That was it for me.,Food
Terry,Do you have any more of these pretzels?,Food
Terry,But the cook is coming back.,Food
Terry,"Don't worry, guys, I found food. (Sets a box down and eat the packing peanuts)",Food
Terry,No. Where is it?,Conversation Glue
Terry,There's a lot of food up there?,Food
Terry,You think?,Conversation Glue
Terry,"I'm just gonna put you down, man.",Insult / Snark
Terry,Make it five.,Emotion
Terry,"Nope, not doing that again. Move.",Conversation Glue
Terry,"You get that hand near me again, you're gonna lose it.",Insult / Snark
Terry,"Sorry, Santiago, I don’t have time for that. My psych evaluation is today. They’re gonna decide if I’m ready to go back on the streets.",Police Work
Terry,I think I’m ready. I’m no longer fixating on my fears.,Emotion
Terry,Okay. That sounds... fun.,Conversation Glue
Terry,...I popped your pillow.,Personal Life
Terry,"Ah... Hey, Charles, just take my coffee. It's fresh.",Food
Terry,"All right, you got it?",Conversation Glue
Terry,"Absolutely. Hey, Boyle. You want to choose where we order lunch from today?",Food
Terry,But we'd love to hear it again.,Conversation Glue
Terry,Oh... Yeah.,Emotion
Terry,"Gina, we've been looking all over for you. You can't just disappear and leave a sign on your desk that says, ""gone leavin'.""",Personal Life
Terry,"Very cute, sir.",Police Work
Terry,"I'm sorry, sir, but that's impossible. With the twins learning how to walk, chaos reigns at the Jeffords household. I can't let those innocent pups into that madhouse. Terry won't do you like that.",Personal Life
Terry,"That's cold, sir.",Emotion
Terry,Hitchcock called himself Scully by accident.,Police Work
Terry,"Hey, Captain, we thought we'd get more work done in here, because...",Police Work
Terry,"I was in the bathroom with him, sir. It was a nightmare.",Personal Life
Terry,"But on the plus side, I think I know what to do with them.",Personal Life
Terry,Seriously? The bet? They've been keeping score all year. It comes up all the time. What are you doing all day?,Personal Life
Terry,"Okay, okay, okay. Then it is settled. If Peralta loses, Santiago gets his car. If Santiago loses, she goes for a date in said car.",Personal Life
Terry,"Hey, baby. Happy you made it. Captain, I'd like you to meet my wife, Sharon.",Personal Life
Terry,"He means metaphorically. You know, saving him from all that paperwork. Paper cuts are a slow death, baby.",Police Work
Terry,Nooo!,Emotion
Terry,"I thought I told you. Remember when you were half asleep watching the news and the babies were quiet, and I said, real low, ""hey, baby. I'm back in the field. You want something to eat?"" And you were like, ""what?"" And I was like, ""you want something to eat?"" And you said, ""sure."" And I got you an oatmeal cookie? Remember?",Personal Life
Terry,"Oh, damn. She called me Terrance. I'm doomed.",Emotion
Terry,"Look, baby, I'm sorry, but Captain's life was in danger. I just did what I had to do. It was an impulse decision.",Police Work
Terry,"Now is not the time, Boyle.",Emotion
Terry,"I'm sorry, honey. I just didn't want you to worry.",Personal Life
Terry,My wife takes the babies to the park all the time.,Personal Life
Terry,How old is Kelly again?,Personal Life
Terry,"I was born ready. And then I was not born ready for a while, but now I'm back to being born ready.",Emotion
Terry,"Let's talk strategy later tonight at my house. My wife's working late, I'm on daddy duty.",Personal Life
Terry,Absolutely. I just need to put my precious babies to bed with a story.,Personal Life
Terry,"The Ebony Falcon needs to read Go, Dog, Go.",Personal Life
Terry,"You don't want to do this, man.",Emotion
Terry,It hurts you every time.,Emotion
Terry,Sorry about the mess.,Personal Life
Terry,"Well, we just finished story time. I'm gonna kiss the girls night-night, then we can get down to business. All right, time for night-night, girls.",Personal Life
Terry,"You know, I just want to let you guys know that I love you girls so, so much okay? So sleep tight. You know, daddy will never leave you, right, girls?",Personal Life
Terry,What are you guys talking about?,Police Work
Terry,So... What's the plan at the gym?,Police Work
Terry,"Listen, man, I know everybody's worried about me being psychologically ready for this. But I promise you I am. No matter what happens, no matter how many b*ll*ts are flying, I'm gonna be right there in the middle of everything. I got your back.",Police Work
Terry,You sure you can lift this much weight?,Police Work
Terry,Nope. The longer we wait the more likely our cover gets blown. I'll make contact.,Police Work
Terry,"Yup. A black Trent. One of many. Uh, what do you want to start with today?",Police Work
Terry,"Nothing happened. Jacoby wanted to do wind sprints outside. You know, he's a mean dude, but I think I'm making progress. He asked to borrow my squat belt, I told him no, he respected that.",Police Work
Terry,'Sup?,Conversation Glue
Terry,I didn't. Brooklyn Bulk Fitness.,Personal Life
Terry,I don't know why. I work out there all the time.,Personal Life
Terry,"What are you doing, Peralta? You just blew my cover!",Police Work
Terry,Or did you compromise an investigation and piss off a superior officer?,Police Work
Terry,"You blew our cover, man! Now I gotta go into an interrogation with no evidence and try to get Jacoby to rat out his distributors!",Police Work
Terry,"Point to your delts, Jake.",Personal Life
Terry,"You didn't have to hop in there, man. I can handle this. What's my name?",Police Work
Terry,What is my name?,Police Work
Terry,And what does The Ebony Falcon do?,Police Work
Terry,"Hell yeah, he does. Except now The Ebony Falcon is monogamous and too tired for sex, so his only indulgence is fresh fruit yogurt parfaits.",Personal Life
Terry,You lied to me!,Emotion
Terry,I'm a Detective Sergeant in the NYPD. Holt told me. Why are you cutting me out of the operation?,Police Work
Terry,You gonna talk to me now?,Police Work
Terry,"Oh, now I'm gonna hit you for real.",Insult / Snark
Terry,Worried about what?,Emotion
Terry,Why didn't you just say something to me?,Emotion
Terry,"Yeah, I get it. It's been a rough year. But I've learned to embrace my fears. It makes me a better cop.",Emotion
Terry,We good. And for the record... If I could be any kind of vacation... I'd be lake trip.,Personal Life
Terry,All right. It's time to catch some bad guys. Its good to be back.,Police Work
Terry,"You're a weird guy, Jake.",Insult / Snark
Terry,I left one for you.,Food
Terry,Whoo!,Conversation Glue
Terry,Major crimes division just called. They're taking over your m*rder case. The Vulture is on his way here now.,Police Work
Terry,"All right, let's get started. So we have good news, and we have bad news.",Police Work
Terry,There's only three files here. It's been an hour.,Police Work
Terry,"I may have a solution. We need to CompStat the office. What is CompStat? It's just using data to identify problem spots in the neighborhood. Now, I have been taking notes on points of friction in this office for years. The red areas are places where no work gets done. If we can fix these problems without anyone knowing what we're doing, we will finish on time.",Police Work
Terry,Yes.,Conversation Glue
Terry,"Okay, so I've already taken care of a few obvious problems. I moved the toaster to the break room, far away from Boyle.",Police Work
Terry,"Right, so you know about Rosa's anger incidents.",Police Work
Terry,"Any time Mt. Diaz erupts, everyone on the squad avoids her.",Police Work
Terry,"Tell me, what room is just down the hall from her desk?",Police Work
Terry,"Hey, Diaz, I just need to make sure I've got the details right in this file.",Police Work
Terry,But is this the same guy?,Police Work
Terry,"Okay, all right, thank you, thank you.",Conversation Glue
Terry,Got it.,Conversation Glue
Terry,"It's going really well, sir. We've gone from 10 cases per hour to almost 20.",Police Work
Terry,Boyle gets cold a lot because of what he calls his...,Personal Life
Terry,"So he goes to the lost and found, and he grabs something that's usually unflattering. That's when Gina gets involved.",Personal Life
Terry,Gina is completely useless when Boyle is wearing lost-and-found clothes.,Personal Life
Terry,"Already done, sir.",Conversation Glue
Terry,Good lord. Where did he get that?,Emotion
Terry,"He must have gotten it from the evidence locker or something. Don't worry. I had a backup plan. I distracted her with a mirror. She's like a cockatiel, sir... Fascinated by her own reflection.",Police Work
Terry,"We've done it, sir. If we stay on this pace, I think we'll finish on time.",Police Work
Terry,"Sir, are you familiar with the story of Icarus? He didn't know when to quit. He flew too close to the sun, and his wax wings melted, and he died.",Insult / Snark
Terry,Icarus.,Conversation Glue
Terry,"Sir, I'm begging you, please, we have to stop. Boyle is still smoldering.",Emotion
Terry,"Gina, what are you doing in the Captain's chair?",Police Work
Terry,"Really? A tad, icarus?",Insult / Snark
Terry,What's going on?,Conversation Glue
Terry,"Look, she still has the bags of baby carrots I requested they put in. They're black now, but they're there.",Food
Terry,What in the world?,Emotion
Terry,What letter?,Police Work
Terry,"Oh, hell yeah.",Conversation Glue
Terry,"Oh, my God, she doesn't even do that on airplanes.",Personal Life
Terry,Nice job. What's the plan?,Conversation Glue
Terry,We got the letter.,Police Work
Terry,Buckle up. It's gonna be a hell of a ride.,Police Work
Terry,Oh.,Conversation Glue
Terry,What is going on?,Conversation Glue
Terry,"Come on, guys. I know you're sad, but let's do our best to make a good first impression here.",Emotion
Terry,"Well done, sir. Welcome to the Nine-Nine. I'm Sergeant Terry Jeffords.",Police Work
Terry,Get a doctor!,Police Work
Terry,Briefing room. Five minutes.,Police Work
Terry,"So sorry, sir. That's terrible.",Emotion
Terry,"I know you're not a toddler, because my toddlers know that ""stupid"" is a no-no word. Keep that Dozer-pad on you at all times.",Personal Life
Terry,Hey. People like the way that I look.,Personal Life
Terry,"Peralta, Dozerman says he wants to see you.",Police Work
Terry,What's that noise?,Conversation Glue
Terry,Safe keeping?,Police Work
Terry,"Come on, Diaz.",Police Work
Terry,What happened in there?,Police Work
Terry,Can you think of anything that may have caused Dozerman to be startled?,Police Work
Terry,"That seems unlikely, but obviously he had a ton of health problems, so, you know, this seems pretty open and shut. Do me a favor and pull the surveillance tapes.",Police Work
Terry,You two have something to tell me?,Police Work
Terry,"Enough. Look. Terry loves love, but Terry also loves maintaining a professional work environment. As your commanding officer, I am very disappointed in both of you.",Police Work